index,label,preprocessed_news
0,pos,A maior vantagem do Bitcoin é sua descentralização não existindo uma entidade controladora por trás. Os agentes responsáveis pela rede da criptomoeda estão espalhados por todo o mundo o que minimiza chances de ataques hackers
1,pos,O que faz entrar na segunda principal característica do criptoativo que é a alta segurança justamente por sua descentralização
2,pos,O Bitcoin é mundial sendo possível enviar e receber a criptomoeda em e de qualquer lugar do mundo
3,pos,As taxas praticadas pela rede do Bitcoin são extremamente mais baixas do que as taxas praticadas por entidades do sistema financeiro tradicional
4,pos, BTC não pode ser falsificado
5,pos,Auditorias se tornarão dispensáveis
6,pos,Transações contábeis serão quase instantâneas
7,pos,Vão possibilitar contratos inteligentes
8,pos,Chegará a era da entrada tripla
9,pos,De modo resumido o blockchain permite maior rapidez eficiência e transparência de registros e transações financeiras
10,pos,Segundo a Forbes esses novos modelos de transações resultaram na redução de 40% a 80% nos custos de transação além da melhora na velocidade
11,pos,O processamento agora leva segundos em vez de dias Isso mudou completamente o cenário das transferências internacionais que eram complexas demoradas e de várias etapas
12,pos, Automação dos Registros Contábeis
13,pos,Automação dos Relatórios Contábeis
14,pos,Redução das Fraudes Contábeis
15,pos,Maior Segurança das Informações
16,pos,As principais redes de criptomoedas são bem seguras
17,pos, A tecnologia blockchain garante segurança extra fazendo com que a maioria das brechas sejam aquelas relacionadas a pessoas que não guardam com segurança as chaves de acesso a suas carteiras
18,pos,O principal atributo das criptomoedas é a sua descentralização Elas não dependem de entidades governamentais ou privadas para existir 
19,pos,Tudo gira em torno da tecnologia blockchain e da criptografia avançada
20,pos,Volatilidade representa a alta variação nos preços da moeda Quando dizemos que um ativo possui alta volatilidade significa que seu preço por diversas vezes varia muito dentro de um pequeno espaço de tempo
21,pos,O Bitcoin é revolucionário e possui uma tecnologia incrível
22,pos,O Bitcoin envia qualquer quantia de dinheiro em uma questão de minutos Independentemente da quantidade independentemente do destino
23,pos,O custo de fazer uma transferência para qualquer parte do mundo através do seu banco pode custar muito dinheiro Ao fazê-lo em bitcoins o custo é cêntimos ou gratuito
24,pos,Você pode enviar bitcoins para qualquer país do mundo. O Bitcoin como a Internet ou o e-mail não tem fronteiras Isto com a garantia de respeitar a liberdade dos seus usuários torna o Bitcoin a primeira moeda global que realmente funciona
25,pos,Nenhum governo ou banco central pode controlá-lo ou interferir na avaliação do bitcoin nem em sua criação nem em sua distribuição
26,pos,Com o Bitcoin o dinheiro se despolitiza é feito de gente eliminando assim o controle que o dinheiro da FIAT exerce sobre a população
27,pos,Os seus bitcoins são apenas seus O dinheiro pertence a si 100% não pode ser movido por ninguém não há censura nem as contas podem ser congeladas
28,pos,No Bitcoin você podes ser o teu próprio banco
29,pos,O Bitcoin é simples de implementar e tem toda uma linguagem de programação implícita permitindo que você crie pedaços de código que serão executados na transação
30,pos,Bitcoin é muito seguro Tem no seu cerne e em cada uma das operações um dos sistemas criptográficos mais potentes que existe mais do que aquele utilizado por bancos ou serviços cruciais do nosso dia a dia
31,pos,A  natureza distribuída do Bitcoin o torna resistente a quedas de rede ou ataques NUNCA nenhum outro sistema de computador esteve operacional 24 horas por dia 365 dias por ano por mais de 8 anos
32,pos,Mesmo diante de uma tempestade solar o Bitcoin ao contrário de outros sistemas resistiria Isto ocorre porque alguns dos seus nós estão localizados em bunkers da segunda guerra mundial protegidos no subsolo e até com segurança de perímetro triplo
33,pos,Bitcoin é um software totalmente aberto livre e gratuito Qualquer pessoa pode ver o seu código-fonte estudá-lo auditá-lo ou melhorá-lo 
34,pos,Desde o desenvolvimento do código até à forma da sua blockchain o consenso opera como um eixo fundamental No seu desenvolvimento as ideias e melhorias do código mais votado pelo resto são aquelas que acabam sendo implementadas Bitcoin muda se a maioria aceitar essa mudança
35,pos,No Bitcoin ninguém pode gerar milhares de bitcoins uma manhã porque um político ou banqueiro o deseja repentinamente Nunca haverá mais de 21 milhões e todos aparecem para mineração sempre sob regras totalmente públicas
36,pos,No Bitcoin você é o seu próprio banco Mas ao fazer isso não paga por um custo de abertura de conta taxas de manutenção mensais ou despesas falsas como acontece num banco
37,pos,Em tempos de constante roubo de informações espionagem industrial e social por parte de governos e ciber criminosos e ainda mais com o surgimento de técnicas avançadas de segurança Big Data é mais importante do que nunca cuidar da nossa privacidade conseguindo mantê-la num nível muito alto
38,pos,O Bitcoin tem esse conceito muito internalizado Bitcoin não é completamente anónimo mas funciona para ser Escrevemos um capítulo muito abrangente sobre a privacidade do Bitcoin e a importância necessária de ser anônimo Bitcoin não é anônimo
39,pos,No Bitcoin ao contrário do cartão de crédito um pagamento NÃO pode ser revertido O estorno gera um custo anual de € 40 bilhões em fraudes para as empresas qualquer pessoa pode efetuar um pagamento e ligar para o seu banco dizendo que não o fez
40,pos,Até o momento ninguém foi capaz de encontrar uma solução mesmo teórica e razoável para quebrar o mecanismo criptográfico subjacente ao Bitcoin
41,pos,Ele não pode ser rebaixado (é código) e o blockchain é suportado por centenas de milhares de computadores em todo o mundo
42,pos,Como pode ver o Bitcoin é o melhor dinheiro que existe Agora note-se que do nosso ponto de vista não é por ser rápido ou com baixos custos de transação Tudo isso é bom mas é melhor porque liberta-o
43,pos,Investir em bitcoins é simples e não exige do investidor grande conhecimento do mercado financeiro O usuário pode comprar e vender a moeda ou frações dela em uma plataforma on-line como o Atlas BTC Basta realizar um cadastro e transferir um valor mínimo para a conta que foi criada
44,pos,Com o bitcoin o investidor escapa da necessidade de avaliar uma série de variáveis do mercado que agem sobre a flutuação da carteira como ocorre nas negociações de ações por exemplo Por isso muitas vezes o investidor precisa do auxílio do gerente do banco ou de corretor
45,pos,A exigência mínima de investimento em bitcoins costuma ser baixa
46,pos,Ao comprar bitcoins há a chance de vendê-los a qualquer momento e com facilidade  o que dá liquidez ao investimento
47,pos,O código do bitcoin foi desenvolvido para produzir apenas 21 milhões de unidades Ou seja ele tem um caráter limitado assim como o ouro Por isso esse é um investimento que tende a se valorizar nos próximos anos pois a moeda ficará cada vez mais escassa e não sofrerá com inflação
48,pos,Há quem diga que a blockchain seja mais segura do que a própria Wall Street na proteção das informações Em 2011 a Bolsa de Nova York foi invadida por hackers deixando o sistema lento por cerca de uma hora
49,pos,Especialistas apontam a blockchain como uma das principais responsáveis pela segurança da criptomoeda Ela é uma espécie de livro contábil virtual e imutável em que são registradas as transações
50,pos,Além disso investir em criptomoedas permite diversificar a carteira de ativos já que existem cada vez mais moedas digitais no mercado
51,pos,Por se tratar de uma tecnologia baseada no Blockchain a Ethereum permite a troca de informações entre duas partes sem a necessidade de uma entidade central
52,pos,Ao invés de procedimentos de verificação manuais que estão sujeitos ao erro blockchain e a Ethereum em especial se utilizam de processos automatizados que garantem rapidez acessibilidade e a validação das transações
53,pos,A versão mais recente da Ethereum já está disponível no mercado há mais de 5 anos e nunca passou por grandes obstáculos como fraudes interferência de terceiros censura e tempo de inatividade
54,pos,Outro diferencial da Ethereum é o fato de ser um sistema totalmente programável Dessa forma os desenvolvedores podem usá-lo para criar aplicativos descentralizados que incluem serviços financeiros jogos contratos inteligentes e outros
55,pos,Um exemplo claro da versatilidade do sistema Ethereum é o fato de ele ter sido utilizado para a produção de NFTs Non-Fungible Tokens quando essa tecnologia ainda estava começando a atrair os olhos do público geral
56,pos,Ethereum permite aplicações mais complexas e diversificadas do que blockchains como a do Bitcoin
57,pos,Por ter sido pioneira no uso da blockchain para aplicações complexas Ethereum possui uma estrutura de rede mais confiável e segura do que seus concorrentes além de ganhar com o efeito de rede
58,pos,Ethereum permite a criação de contratos e formas diferentes de captação de recursos para projetos (ICO STO IEO etc)
59,pos, Toda a plataforma é descentralizada o que significa que não há um único ponto de falha Assim todas as aplicações permanecerão sempre online e nunca serão desativadas
60,pos,A rede Ethereum passa por constantes atualizações o que tende a melhorar seu desempenho e aumentar suas funcionalidades a longo prazo
61,pos,Se você estiver usando a Binance Coin para negociar na bolsa terá acesso ao mecanismo de correspondência proprietário da plataforma que pode suportar até 1 4 milhão de pedidos por segundo Você sempre pode encontrar o comércio certo e o uso da BNB o torna ainda mais rápido e confiável
62,pos,A Binance já possui milhões de usuários e traders de criptomoedas que confiam na plataforma e confiam nos recursos de segurança e proteção da bolsa A bolsa usa uma estrutura de sistema com vários clusters e multicamadas e o SAFU Secure Assets Fund for Users para manter seus fundos seguros
63,pos,Usando a Binance Coin você pode negociar mais de 150 criptomoedas na bolsa contando com um sistema de correspondência comercial rápido seguro e acessível Além disso a Binance Coin também possui seus próprios pares de negociação para atender às suas necessidades específicas de negociação Você não precisa procurar em nenhum outro lugar
64,pos,A Binance Coin também permite que você obtenha um desconto de 50% na taxa de negociação Se você estiver comprando US $10 000 em moedas serão cobrados US $10 nos modos de pagamento convencionais No entanto se você usar a BNB a taxa de negociação será reduzida pela metade ou seja você terá que pagar apenas US $5
65,pos,A proposta da Cardano é tão inovadora que revolucionou o conceito de terceira geração das criptomoedas de código aberto Por fim outro benefício é seu contrato inteligente que permite que apenas algumas informações específicas possam ser alteradas
66,pos,Além da velocidade nas transações que Cardano possibilita Mas existem desvantagens como o fato de a blockchain ainda estar em desenvolvimento
67,pos,Além disso outras blockchains como Ripple Stellar Lumens e a NEO já são capazes de processar mais de 1000 transações por segundo Assim cabe ao investidor definir se compensa investir na ADA e em seu projeto. 
68,pos,Cardano também oferece algumas tecnologias e possibilidades que ajudarão nas transações que necessitam mais formalidade e segurança como entre bancos ou instituições mais conservadoras garantindo transparência e segurança para os dois lados
69,pos,Cardano praticamente aborda todos os problemas e mostra soluções para resolve-los A plataforma apresenta uma arquitetura e modelo que permite sua metamorfose quando surgirem novos problemas Por esse motivo ela se intitula como a encarnação digital do Processo evolutivo das criptomoedas
70,pos,Cardano é o projeto que lida com a moeda ADA Considerada uma criptomoeda de terceira geração Ethereum sendo considerada de segunda e Bitcoin de primeira O projeto Cardano quando finalizado fornecerá recursos que são mais avançados do que qualquer outro protocolo apresentado aqui por mim até agora
71,pos,Cardano é desenvolvido na linguagem Haskell muito tolerante a erros e considerada mais segura para essa área que outras linguagens comumente usadas A criptomoeda permaneceu em financiamento por 2 anos sendo finalizado o financiamento apenas no final de 2017
72,pos,mais rápido que qualquer ativo as transações de XRP são realizadas em até 4 segundos
73,pos,O XRP possui custos de transações mais baixos em relação a outra criptomoedas como Bitcoin ou Ether 
74,pos, OXRP Tão escalável quanto a rede Visa por exemplo com 1500 transações por segundo
75,pos,Usando tecnologias de blockchain qualquer coisa de valor pode ser transferida de uma pessoa para outra de forma segura e anônima Não há possibilidade de alteração ilegal de valor durante o transporte Isso significa que uma rede global de transações de carteira a carteira é possível usando uma rede ponto a ponto que contorna as estruturas bancárias tradicionais
76,pos,Se você tiver moedas fiduciárias depositadas em uma conta bancária tradicional seus fundos podem ser congelados ou mesmo apreendidos durante um período de incerteza econômica Embora muitas pessoas não acreditem que algo assim acontecerá em 2013 algumas pessoas perderam até 40% dos seus depósitos quando os bancos em Chipre confiscaram os fundos das contas Mesmo nos EUA os investimentos são segurados não garantidos o que significa que alguns ativos podem ser congelados e inacessíveis Os blockchains eliminam esse problema
77,pos,Como os blockchains fornecem uma transação verificável para uma grande rede global ponto a ponto a necessidade de intermediários é reduzida Isso significa que as instituições financeiras o processo de cartão de crédito advogados governos e todas as outras pessoas que desejam sacar uma parte do seu dinheiro têm limitações quanto ao que realmente podem acessar
78,pos,Embora o valor das transações possa variar enormemente mais do que o valor das moedas fiduciárias há um histórico de mais de 10 anos de valor real atribuído às transações blockchain
79,pos,Blockchains são visíveis ao público Isso significa que há um nível de transparência disponível para transações que não pode ser encontrado com outras opções de moeda Essas transações também são imutáveis o que significa que uma vez adicionado a um blockchain não pode ser removido ou alterado de nenhuma forma
80,pos,Usando blockchains os usuários podem confiar que uma transação será executada de acordo com os protocolos publicados Não há necessidade de envolvimento de terceiros neste processo porque a integridade do processo é necessária para que a transação ocorra Terceiros são necessários ao comprar itens por meio de blockchains pois uma transação não é reversível para alguns mas não há necessidade de monitorar o processo de conclusão da transação
81,pos,Blockchains são parte de um único livro-razão público Não há necessidade de lidar com diferentes formas de regras de contabilidade ou vários livros ao usar blockchains para transações
82,pos,Todo o processo é simplificado tornando mais fácil gerenciar as transações financeiras melhorando a velocidade dessas transações e até mesmo reduzindo os custos gerais de transação
83,pos,Como os dados da Blockchain costumam ser armazenados em milhares de dispositivos numa rede distribuída de nodes  o sistema e esses dados são altamente resistentes à falhas técnicas e ataques maliciosos
84,pos,É muito improvável que blocos confirmados sejam revertidos posteriormente significando que uma vez registrados que os dados são registrados na Blockchain é extremamente difícil removê-los ou alterá-los.
85,neg,As empresas estão começando a criar suas próprias moedas como forma de simplificar as transações Embora os blockchains tenham a capacidade única de se tornar uma moeda global na verdade existem mais moedas disponíveis por meio dessa tecnologia do que por meio de moedas tradicionais apoiadas pelo governo
86,neg,É muito improvável que blocos confirmados sejam revertidos posteriormente significando que uma vez registrados que os dados são registrados na Blockchain é extremamente difícil removê-los ou alterá-los
87,pos,Blockchain uma ótima tecnologia para armazenar registros financeiros ou quaisquer outros dados em que uma auditoria possa ser necessária pois todas as alterações são rastreadas e permanentemente registradas em um livro distribuído e público
88,pos,Blockchain para impedir ações fraudulentas de seus funcionários Nesse cenário a Blockchain pode fornecer um registro seguro e estável de todas as transações financeiras que ocorrem dentro da empresa Isso dificultaria a tentativa de um funcionário esconder transações suspeitas
89,pos,Um sistema Blockchain elimina o risco de confiar em uma única organização reduz os custos gerais e as taxas das transações cortando intermediários e terceiros
90,pos,A estrutura em forma de cadeias de blocos torna o blockchain praticamente inviolável Para conseguir adulterar algo o invasor teria que controlar mais da metade dos nós para realizar mudanças por consenso
91,pos,o universo do Bitcoin pelo menos esse controle massivo dos nós exigiria um poder computacional extremamente grande É inviável portanto Já a alteração de um registro exigiria a reescrita de praticamente toda a base de dados Novamente é inviável para não dizer impossível
92,pos,A disponibilidade é outra grande vantagem A estrutura distribuída faz o sistema continuar funcionando mesmo que um ou vários nós caiam Quando os nós faltantes voltam à rede eles são imediatamente atualizados
93,pos,Pensemos também na confiabilidade Como os dados no blockchain não podem ser apagados ou alterados temos a certeza de que as transações registradas ali são legítimas e íntegras
94,pos,Outro aspecto a se considerar no blockchain é a transparência As transações são públicas o que significa que todos os nós podem checá-las
95,pos,Os mecanismos de criptografia fazem com que os usuários do sistema não precisem ser identificados no entanto é perfeitamente possível vincular identidades se necessário  esse aspecto ajuda a assegurar que somente usuários legítimos estejam participando da transação
96,pos,Os custos operacionais também podem ser mais baixos na comparação com sistemas computacionais centralizados Esse aspecto varia conforme a aplicação mas de modo geral o modelo distribuído implica em compartilhamento de recursos de processamento e armazenamento
97,pos,Há um número crescente de bancos e financeiras se interessando pelo blockchain O setor já percebeu por exemplo que a tecnologia pode ser usada para transações de pagamento e transferências de dinheiro Pelo menos no âmbito internacional transações desse tipo podem levar várias horas para serem concluídas
98,pos,O blockchain pode tornar o processo mais rápido e simultaneamente prover mais segurança
99,pos,Como os dados não podem ser apagados tampouco adulterados sistemas governamentais podem utilizar o blockchain para combater desvio de recursos públicos facilitar processo de auditorias e evitar fraudes em eleições
100,pos,No mundo todo governos e companhias do setor financeiro adotam cada vez mais medidas para combater o problema da lavagem de dinheiro Por ser imutável o blockchain pode servir de base para que essas medidas  que incluem uso de sistemas de verificação de identidade checagem de transações e detecção de movimentação suspeita de recursos por exemplo se tornem mais confiáveis e difíceis de serem burladas
101,pos,O registro de usuários ou clientes em um sistema de blockchain pode combater falsificação de identidades o que seria útil por exemplo para fechamento de contratos eletrônicos ou transferência de propriedade
102,pos,O uso do blockchain também vem sendo considerado para gestão de patentes e direitos autorais Com a associação de uma obra a uma pessoa o sistema poderia por exemplo ajudar uma empresa a conferir se determinado indivíduo é mesmo autor do conteúdo que ele está oferecendo
103,pos,Como o blockchain é basicamente um banco de dados distribuído é possível também o uso da tecnologia para distribuição de documentação de sistemas manuais de uso artigos acadêmicos livros digitais e afins  Na verdade o blockchain pode ser usado para compartilhamento de praticamente qualquer tipo de informação
104,pos,O blockchain tem se mostrado particularmente relevante para um tipo de aplicação que está ganhando força contratos inteligentes (smart contracts) Nessa modalidade um software elabora contratos com termos e condições específicas conforme as circunstâncias
105,pos,O blockchain pode ajudar esse tipo de software a fazer verificações e registrar operações que entre outros benefícios evitarão que a empresa cometa deslizes em uma ou mais cláusulas e sofra prejuízos por conta disso
106,pos,Blockchain é uma tecnologia que garante transações invioláveis graças ao poder de uma rede de usuários sem autoridade central de controle
107,pos,A moeda digital Bitcoin é o primeiro exemplo da tecnologia Blockchain eles foram construídos juntos Mas o potencial da cadeia de blocos é o princípio da distribuição de transações pois ao invés de centralizá-las oferece muitas outras perspectivas
108,pos,As transações no entanto não são registradas uma a uma mas sim em blocos No bitcoin um bloco é formado a cada dez minutos e contém todas as informações de transações feitas durante aqueles dez minutos
109,pos,Cada bloco é interligado ao bloco seguinte e ao anterior Isso garante que não seja possível alterar as informações que foram registradas em um bloco passado
110,pos,Cada um desses computadores tem sua própria versão atualizada de todas as transações Se um computador fizer uma alteração os demais entendem que aquela alteração não deveria ter sido feita e a descartam Os donos dessas máquinas são chamados de mineradores
111,pos,Os mineradores têm como objetivo encontrar uma sequência que torne um bloco de transações de bitcoin compatível com o bloco anterior Ao encontrar a sequência compatível o minerador recebe uma recompensa em bitcoin para cada bloco que ele minerar
112,pos,O bitcoin é a aplicação mais famosa do blockchain mas essa tecnologia pode ser aplicada em diversos campos como saúde contratos e todas as áreas onde há necessidade de trocas de informações rápidas e seguras
113,pos,Uma das áreas mais promissoras para aplicação do blockchain além do sistema financeiro é a saúde Os dados de cada paciente e seu histórico estão dispersos entre diversos hospitais laboratórios clínicas e profissionais da área médica O blockchain poderia em tese integrar e organizar esses dados de maneira segura dando ao paciente o completo controle sobre seu histórico médico
114,pos,Uma outra potencial aplicação é a utilização do blockchain em pesquisas científicas A indústria farmacêutica e as universidades podem usufruir desse sistema pois o blockchain garante segurança e promove a integração e compartilhamento seguro de dados
115,pos,Os blocos do blockchain são criptografados em segurança Para hackear uma operação seria necessário alterar todas as transações naquele bloco não apenas em um computador mas em milhões de computadores simultaneamente
116,pos,Ao contrário do ambiente físico o mundo digital dos algoritmos e da blockchain funciona 24 horas por dia e sete dias por semana Assim o tempo das transações bancárias podem ser reduzidas a minutos
117,pos,Não há intermediação entre as transações Além de reduzir consideravelmente os riscos e as vulnerabilidades da transação a falta de intermediários diminui o custo das operações
118,pos,Qualquer mudança na blockchain se torna pública para todas as partes e usuários o que garante uma transparência inquestionável Essas alterações também não podem ser modificadas o garante ainda mais confiabilidade ao sistema
119,pos,Ao mesmo tempo em que informações essenciais são mantidas públicas detalhes mais sensíveis são mantidos em sigilo absoluto
120,pos,Recentemente o  Ministro da Economia e Finanças da França Bruno Le Maire afirmou que a tecnologia blockchain é uma prioridade para o governo francês
121,pos,Segundo Le Maire a França planeja investir 4 5 bilhões de euros US$ 5 bilhões em inovações revolucionárias – incluindo a blockchain – em uma tentativa de combater o domínio tecnológico chinês e americano
122,pos,Segundo o presidente francês Emmanuel Macron o blockchain pode ser utilizado para impulsionar a indústria agrícola bem como lidar com as preocupações relacionadas à indústria de alimentos
123,pos,Macron disse ainda que o sistema blockchain deve ser utilizado por membros da União Europeia Esse fato deve-se ao grande potencial existente atualmente no mercado
124,pos,A Câmara de Comércio França-Brasil  acredita fortemente no uso da tecnologia para boas práticas e no desenvolvimento de ideias inovadoras para expansão do mercado. Apoiando assim o investimento em tecnologia blockchain
125,pos,Quando ouvimos a palavra blockchain a primeira coisa que nos vem à cabeça é a criptomoeda Bitcoin não é mesmo A tecnologia que garante a segurança e confiabilidade da famosa criptomoeda está cada vez mais em voga e suas aplicações estão sendo testadas e estudadas para serem utilizadas nos mais diversos segmentos corporativos e governamentais
126,pos,Bancos empresas de varejo logísticas setor público e muitos outros segmentos estudam maneiras de utilizar o blockchain para aprimorar os seus processos deixar suas transações mais seguras menos burocráticas e ágeis
127,pos,Nesse cenário de crise e desconfiança no sistema bancário tradicional o Bitcoin surgiu como uma alternativa confiável e descentralizada de se fazer transações financeirasTudo isso garantido pelo blockchain
128,pos,Em um ambiente digital o centralizador tem a possibilidade de alterar trocar e até criar dados no blockchain Não existe a possibilidade de copiar um bloco nem adulterar valores e são permitidas apenas as transferências
129,pos,Quando conseguem alguma liberação de crédito as empresas esbarram em taxas de juros abusivas e burocracias enormes O blockchain permite a captação de investimentos sem a necessidade de intermediários
130,pos,O blockchain também é útil quando se trata de cadeia de suprimentos A maioria dos empreendedores sabe de onde está comprando mas não sabe quem são os fornecedores de seus fornecedores
131,pos,Como tudo é rastreável e acessível o blockchain dará a oportunidade para as empresas conhecerem todas as movimentações do produto desde a origem Por exemplo se um dispositivo não está funcionando usando o blockchain será possível identificar quem foi o fornecedor original do componente defeituoso
132,pos,O blockchain também é útil para confirmar a originalidade de produtos evitando que sejam incluídas em equipamentos peças falsificadas ou de procedência duvidosa Em resumo podemos dizer que a tecnologia ajudará as empresas a verificar se os fornecedores atendem aos seus requisitos
133,pos,A maioria das empresas está estudando uma forma de utilizar o blockchain não apenas em etapas produtivas mas também nos negócios
134,pos,Quando se trata de contratos o blockchain pode automatizar o processo de acordos legais e documentações sem o envolvimento de seres humanos diminuindo significativamente a burocracia que atrasa o processo
135,pos,Os contratos de negócios costumam ser bilaterais e requerem documentação e assinaturas de ambas as partes Isso pode resultar em atraso o que significa travar a produtividade de uma empresa e fazer com que os gestores percam prazos por causa de uma assinatura que falte por exemplo O blockchain ajudará a eliminar o atraso em transações que exigem assinatura e aprovação
136,pos,O grande interesse geralmente é em relação aos dados privados dos consumidores que incluem informações financeiras Com a ajuda do blockchain os clientes poderão ter controle de suas informações com uma chave criptografada que será decifrada apenas pelas empresas que tenham acesso ao blockchain
137,pos,O principal benefício de optar pela tecnologia blockchain é sua natureza transparente e responsável
138,pos,Todas as transações ficam registradas em um livro-razão público criptografadas e protegidas sem a possibilidade de alterações fraudulentas Isso significa que os controles financeiro de logística de produção e qualidade ficarão muito mais seguros e com margem de erro reduzida
139,pos,Estes são apenas alguns exemplos de como o blockchain pode desempenhar um papel significativo em uma empresa Com as ameaças à segurança e proteção de dados além da fragilidade de sistemas de fiscalização no mundo dos negócios a adoção do blockchain pode ajudar a lidar com isso de forma eficaz e eficiente
140,pos,Blockchain um futuro inevitável que vai transformar as formas de se fazer negócios
141,pos,O blockchain já demonstrou seus principais atributos e elementos disruptivos mas ainda deve transformar a maneira como o mundo interage indo muito além do mundo das finanças
142,pos,O interesse em blockchain expandiu-se depois disso e começou a ganhar os holofotes Hoje a ferramena está sendo aplicada a processos de negócios que têm sido caros e demorados devido à sua complexidade e natureza opaca
143,pos,O aplicativo Universal Commerce da Syniverse se junta a uma lista crescente de produtos baseados em blockchain conforme exemplos destacados abaixo extraídos da reportagem do Search CIO
144,pos,A Xbox marca de jogos da Microsoft usou um blockchain em 2018 para obter informações sobre royalties para os editores de jogos do Xbox quase em tempo real O produto eliminou o trabalho de reconciliação demorado reduzindo assim o processo de 45 dias para minutos
145,pos,A Microsoft continua a criar recursos de blockchain para seu próprio uso bem como para seus clientes por meio do Microsoft Azure Blockchain Service uma oferta gerenciada de plataforma como serviço
146,pos,A capacidade do Walmart de rastrear a proveniência das mangas em 2 2 segundos usando sua abordagem baseada em blockchain versus sete dias usando sua tecnologia anterior tem sido frequentemente citada como um exemplo de ganhos de eficiência habilitados para blockchain
147,pos,O Fundo das Nações Unidas para a Infância UNICEF está explorando como usar o blockchain para melhorar a coleta e distribuição da ajuda humanitária
148,pos,Como parte desse esforço a agência está investindo em startups de blockchain focadas em casos de uso que podem ajudar a missão da UNICEF
149,pos,s aplicativos incluem como usar o blockchain para facilitar pagamentos compartilhar com segurança prescrições médicas e criar mais transparência na maneira como as doações são usadas
150,pos,Indústrias com cadeias de suprimentos complexas estão fazendo o uso mais avançado da tecnologia blockchain disse Jerry Cuomo membro da IBM e Vice-Presidente da IBM Blockchain Technology
151,pos,A medida que o mundo se move mais para uma economia baseada em token na qual os ativos do mundo real são digitalizados para que possam ser compartilhados on-line o blockchain sustentará muito mais transações
152,pos,No entanto especialistas como Buchholz estão convencidos de que o blockchain cumprirá sua reputação transformacional eventualmente e inevitavelmente  fornecendo melhorias significativas nos processos de negócios existentes permitindo novos modelos de negócios e remodelando
153,pos,O protocolo da linha de base suporta contratos inteligentes e padrões de tokenização em todo o setor Paul Brody líder global de blockchain da EY disse que foi projetado para otimizar transações complexas 
154,pos,De acordo com Katz o YellowHeart usa o blockchain para rastrear a procedência da venda de ingressos dando a artistas e fãs informações sobre como os ingressos passam da venda original por meio de qualquer revenda
155,pos,Ainda no mercado financeiro muitos bancos e instituições como as adquirentes já começaram a introduzir o blockchain
156,pos,O termo contratos inteligentes ou smart contracts em inglês foi criado por Nick Szabo cientista da computação em 1996 Porém foi com o surgimento da tecnologia blockchain e de inteligência artificial que esse conceito de contratos desburocratizados com maior confiabilidade e que se auto executam avançou
157,pos,Antes apenas aplicados como um facilitador das transações das criptomoedas esses novos modelos evoluíram por meio da rede de blockchain Essa plataforma permite que qualquer pessoa possa fazer seu próprio modelo de código para ser utilizado nos mais variados tipos de acordos
158,pos,Utilizando o mesmo princípio de processamento de documentos por blockchain dos contratos inteligentes a área da educação já começou a aplicar essa tecnologia
159,pos,Atualmente um problema muito comum e grave são as fraudes decorrentes de falsificações em currículos e até mesmo de exercer a profissão ilegalmente Com o blockchain as instituições poderiam disponibilizar as certificações em uma rede blockchain e assim a organização que necessitasse verificar essas credenciais teria o fácil acesso à elas
160,pos,Uma das aplicações que será muito utilizadas por empresas do mundo inteiro será o armazenamento em nuvem com blockchain
161,pos,Sem dúvidas o sistema descentralizado e o blockchain podem auxiliar no aumento da segurança dos dados Outro benefício seria que a rede peer to peer utilizada pode reduzir os custos se comparado aos servidores centralizados
162,pos,A aplicação do blockchain na cadeia de suprimentos poderia auxiliar no rastreamento de cada um dos componentes envolvidos na fabricação de algum produto e assim identificar mais facilmente variabilidades no processo
163,pos,A área da saúde é sem dúvidas um setor que necessita de um rigoroso controle de registros médicos dos pacientes tanto de medicamentos receitados quanto de procedimentos realizados Esse registro pode ser baseado em blockchain Assim teríamos uma ficha médica ao decorrer da vida com a segurança o sigilo e a confiabilidade que o sistema poderia nos fornecer
164,pos,A tecnologia Blockchain é considerada uma revolução pois desafia paradigmas em processos relacionados a transações financeiras de informações e documentos de armazenamento de dados e de movimentação de ativos nos permitindo a descentralização de monopólios de ampla duração de alguns setores
165,pos,Mas e se o Uber ou AirBNB fossem uma aplicação distribuída em uma Blockchain O AirBNB poderia se chamar BAirBNB ou BlockchainAirBNB Nele você acharia um lugar para passar uns dias usando apenas uma base de dados baseada em Blockchain sem intermediários
166,pos,A cantora britânica Imogen Heap está criando uma plataforma baseada em Blockchain chamada de Mycelia Esta rede Blockchain permite que o artista coloque sua música dentro de um Smart Contract e o próprio contrato gerencia o seu uso
167,pos,Supply Chain é um mercado de US$ 64 trilhões ao redor do mundo que com o tempo pode ser realocado para Blockchain O Supply Chain nada mais é que diferentes pessoas fazendo transações e confiando umas nas outras
168,pos,Já o Walmart usa a Blockchain para a segurança das comidas rastreando a cadeia de fornecedores caso tenha um problema Com isso é possível saber em qual jardim o tomate cresceu ou quem são os pais da vaca que forneceu este ou aquele leite estragado
169,pos,Outro problema de cadeia de suprimentos que pode ser resolvido é dos Diamantes de Sangue aquelas pedras preciosas que são usadas para financiar as guerras na África Com a Blockchain é possível rastrear a procedência de todas as pedras e saber se a que você comprou já financiou algum ato violento
179,pos,Os bilhões de objetos que estão se tornando inteligentes com a Internet das Coisas vão precisar registrar suas informações Uma lâmpada que compra energia de uma empresa distribuidora por exemplo poderá fazer negócios sozinha se tiver sua identidade registrada em uma Blockchain
180,pos,Um exemplo é a Brooklin MicroGrid uma distribuidora de energia feita por pessoas e baseada em Blockchain Essa rede de pessoas possuem painéis solares em suas casas e um vende energia para o outro por meio da Blockchain sem precisar de intermediadores pois os dispositivos são registrados na cadeia de blocos
181,pos,Hoje os serviços financeiros são muito complicados Você passa seu cartão numa loja e uma série de mensagens é enviada para diversas empresas diferentes cada uma com seu próprio sistema computacional e dias depois a mensagem volta com a liquidação da conta Mas se isso fosse baseado em Blockchain não precisaria de todo esse tempo e burocracia
182,pos,Com a Blockchain podemos criar identidades dentro da cadeia como avatares virtuais que guardem todas nossas informações da vida digital A identidade em Blockchain poderia registrar absolutamente todos os dados desde suas transações financeiras até informações de saúde ou educação
183,pos,Blockchain pode transformar a democracia e os governos que seriam menos corruptos e teriam custos bem mais baixos
184,pos,Com a Blockchain os governos podem se tornar plataformas. Dubai quer ser o primeiro governo a rodar inteiramente em Blockchain e o governo da Estônia mudou a identidade das pessoas para uma Blockchain
185,pos,Hoje algumas empresas como a CarbonX tem usado Blockchain para prover serviços melhores para a sociedade algo que deveria ser feito pelos governos
186,pos,O blockchain é um banco de dados armazenado de forma pública sem um controle central Foi criado para distribuir a informação de maneira transparente e auditável
187,pos,O blockchain é um tipo específico de banco de dados distribuído contendo uma cadeia de blocos ordenados de forma cronológica Além disso as informações são armazenadas utilizando um código criptográfico
188,pos,A principal vantagem do blockchain é a segurança que impede que os registros do banco de dados sejam apagados ou alterados No entanto isso exige que os próprios usuários validem as transações caso contrário ficam dependentes de entidades centralizadas
189,pos,Além de segura é uma forma rápida transparente e autônoma de realizar transações financeiras ou do registro de informações no formato digital
190,pos,Uma aplicação comum é nas remessas internacionais O sistema interbancário atual além de caro pode levar dois dias úteis para confirmar a transação O blockchain oferece uma alternativa segura rápida e mais barata
191,pos,o país El Salvador recentemente adotou o Bitcoin como moeda oficial ao lado do dólar O recebimento de divisas externas representa 24% de seu Produto Interno Bruto
192,pos,Outra tecnologia trazida pelo blockchain foi o registro autenticado de contratos e documentos O serviço está disponível no Brasil desde 2016 inclusive com validade reconhecida em instâncias jurídicas
193,pos,Outra tecnologia trazida pelo blockchain foi o registro autenticado de contratos e documentos O serviço está disponível no Brasil desde 2016 inclusive com validade reconhecida em instâncias jurídicas
194,pos,Para estimular o crescimento da pesquisa e disseminação do assunto o Mercado Bitcoin adquiriu recentemente a Blockchain Academy um projeto educacional focado no desenvolvimento e formação do ecossistema que atua desde 2016
195,pos,Além das criptomoedas que incluem Bitcoin Ethereum e muitas outras a tecnologia Blockchain permite tokenizar qualquer ativo financeiro Tokenizar é utilizar criptoativos para representar no formato digital a propriedade de um determinado bem
196,pos,É sempre bom lembrar que o blockchain armazena as transações para sempre Isso é uma diferença fundamental para o modelo tradicional onde dados históricos podem ser alterados ou deletados
197,pos,A tecnologia blockchain é um dos pilares do Bitcoin e de outras criptomoedas O modelo permite armazenar dados de transações de forma pública sem um controle central Desse modo a informação é distribuída de maneira transparente e auditável
198,pos,A tecnologia blockchain ficou conhecida por ser a base tecnológica do bitcoin a primeira e principal criptomoeda
199,pos,Após o nascimento da moeda digital a blockchain passou a ser utilizada em diversas outras áreas e aplicações
200,pos,A blockchain registra cada quantia de bitcoins negociados quem enviou com apenas o endereço da carteira quem recebeu quando essa transação foi realizada e qual o lugar do livro em que está registrado
201,pos,Cada bloco é interligado ao bloco seguinte e ao anterior Isso garante que não seja possível alterar as informações que foram registradas em um bloco passado
202,pos,Cada um desses computadores tem sua própria versão atualizada de todas as transações Se um computador fizer uma alteração os demais entendem que aquela alteração não deveria ter sido feita e a descartam Os donos dessas máquinas são chamados de mineradores
203,pos,Os mineradores têm como objetivo encontrar uma sequência que torne um bloco de transações de bitcoin compatível com o bloco anterior Ao encontrar a sequência compatível o minerador recebe uma recompensa em bitcoin para cada bloco que ele minerar
204,pos,O bitcoin é a aplicação mais famosa do blockchain mas essa tecnologia pode ser aplicada em diversos campos como saúde contratos e todas as áreas onde há necessidade de trocas de informações rápidas e seguras
205,pos,Uma das áreas mais promissoras para aplicação do blockchain além do sistema financeiro é a saúde Os dados de cada paciente e seu histórico estão dispersos entre diversos hospitais laboratórios clínicas e profissionais da área médica O blockchain poderia em tese integrar e organizar esses dados de maneira segura dando ao paciente o completo controle sobre seu histórico médico
206,pos,Uma outra potencial aplicação é a utilização do blockchain em pesquisas científicas A indústria farmacêutica e as universidades podem usufruir desse sistema pois o blockchain garante segurança e promove a integração e compartilhamento seguro de dados
207,pos,Os blocos do blockchain são criptografados em segurança Para hackear uma operação seria necessário alterar todas as transações naquele bloco não apenas em um computador mas em milhões de computadores simultaneamente
208,pos,Ao contrário do ambiente físico o mundo digital dos algoritmos e da blockchain funciona 24 horas por dia e sete dias por semana Assim o tempo das transações bancárias podem ser reduzidas a minutos
209,pos,Não há intermediação entre as transações Além de reduzir consideravelmente os riscos e as vulnerabilidades da transação a falta de intermediários diminui o custo das operações
210,pos,Qualquer mudança na blockchain se torna pública para todas as partes e usuários o que garante uma transparência inquestionável Essas alterações também não podem ser modificadas o garante ainda mais confiabilidade ao sistema
211,pos,Ao mesmo tempo em que informações essenciais são mantidas públicas detalhes mais sensíveis são mantidos em sigilo absoluto
212,pos,Recentemente o  Ministro da Economia e Finanças da França Bruno Le Maire afirmou que a tecnologia blockchain é uma prioridade para o governo francês
213,pos,Segundo Le Maire a França planeja investir 4 5 bilhões de euros US$ 5 bilhões em inovações revolucionárias – incluindo a blockchain – em uma tentativa de combater o domínio tecnológico chinês e americano
214,pos,Segundo o presidente francês Emmanuel Macron o blockchain pode ser utilizado para impulsionar a indústria agrícola bem como lidar com as preocupações relacionadas à indústria de alimentos
215,pos,Macron disse ainda que o sistema blockchain deve ser utilizado por membros da União Europeia Esse fato deve-se ao grande potencial existente atualmente no mercado
216,pos,A Câmara de Comércio França-Brasil  acredita fortemente no uso da tecnologia para boas práticas e no desenvolvimento de ideias inovadoras para expansão do mercado. Apoiando assim o investimento em tecnologia blockchain
217,pos,Quando ouvimos a palavra blockchain a primeira coisa que nos vem à cabeça é a criptomoeda Bitcoin não é mesmo A tecnologia que garante a segurança e confiabilidade da famosa criptomoeda está cada vez mais em voga e suas aplicações estão sendo testadas e estudadas para serem utilizadas nos mais diversos segmentos corporativos e governamentais
218,pos,Bancos empresas de varejo logísticas setor público e muitos outros segmentos estudam maneiras de utilizar o blockchain para aprimorar os seus processos deixar suas transações mais seguras menos burocráticas e ágeis
219,pos,Nesse cenário de crise e desconfiança no sistema bancário tradicional o Bitcoin surgiu como uma alternativa confiável e descentralizada de se fazer transações financeirasTudo isso garantido pelo blockchain
220,pos,Em um ambiente digital o centralizador tem a possibilidade de alterar trocar e até criar dados no blockchain Não existe a possibilidade de copiar um bloco nem adulterar valores e são permitidas apenas as transferências
221,pos,Quando conseguem alguma liberação de crédito as empresas esbarram em taxas de juros abusivas e burocracias enormes O blockchain permite a captação de investimentos sem a necessidade de intermediários
222,pos,O blockchain também é útil quando se trata de cadeia de suprimentos A maioria dos empreendedores sabe de onde está comprando mas não sabe quem são os fornecedores de seus fornecedores
223,pos,Como tudo é rastreável e acessível o blockchain dará a oportunidade para as empresas conhecerem todas as movimentações do produto desde a origem Por exemplo se um dispositivo não está funcionando usando o blockchain será possível identificar quem foi o fornecedor original do componente defeituoso
224,pos,O blockchain também é útil para confirmar a originalidade de produtos evitando que sejam incluídas em equipamentos peças falsificadas ou de procedência duvidosa Em resumo podemos dizer que a tecnologia ajudará as empresas a verificar se os fornecedores atendem aos seus requisitos
225,pos,A maioria das empresas está estudando uma forma de utilizar o blockchain não apenas em etapas produtivas mas também nos negócios
226,pos,Quando se trata de contratos o blockchain pode automatizar o processo de acordos legais e documentações sem o envolvimento de seres humanos diminuindo significativamente a burocracia que atrasa o processo
227,pos,Os contratos de negócios costumam ser bilaterais e requerem documentação e assinaturas de ambas as partes Isso pode resultar em atraso o que significa travar a produtividade de uma empresa e fazer com que os gestores percam prazos por causa de uma assinatura que falte por exemplo O blockchain ajudará a eliminar o atraso em transações que exigem assinatura e aprovação
228,pos,O grande interesse geralmente é em relação aos dados privados dos consumidores que incluem informações financeiras Com a ajuda do blockchain os clientes poderão ter controle de suas informações com uma chave criptografada que será decifrada apenas pelas empresas que tenham acesso ao blockchain
229,pos,O principal benefício de optar pela tecnologia blockchain é sua natureza transparente e responsável
230,pos,Todas as transações ficam registradas em um livro-razão público criptografadas e protegidas sem a possibilidade de alterações fraudulentas Isso significa que os controles financeiro de logística de produção e qualidade ficarão muito mais seguros e com margem de erro reduzida
231,pos,Estes são apenas alguns exemplos de como o blockchain pode desempenhar um papel significativo em uma empresa Com as ameaças à segurança e proteção de dados além da fragilidade de sistemas de fiscalização no mundo dos negócios a adoção do blockchain pode ajudar a lidar com isso de forma eficaz e eficiente
232,pos,Blockchain um futuro inevitável que vai transformar as formas de se fazer negócios
233,pos,O blockchain já demonstrou seus principais atributos e elementos disruptivos mas ainda deve transformar a maneira como o mundo interage indo muito além do mundo das finanças
234,pos,O interesse em blockchain expandiu-se depois disso e começou a ganhar os holofotes Hoje a ferramena está sendo aplicada a processos de negócios que têm sido caros e demorados devido à sua complexidade e natureza opaca
235,pos,O aplicativo Universal Commerce da Syniverse se junta a uma lista crescente de produtos baseados em blockchain conforme exemplos destacados abaixo extraídos da reportagem do Search CIO
236,pos,A Xbox marca de jogos da Microsoft usou um blockchain em 2018 para obter informações sobre royalties para os editores de jogos do Xbox quase em tempo real O produto eliminou o trabalho de reconciliação demorado reduzindo assim o processo de 45 dias para minutos
237,pos,A Microsoft continua a criar recursos de blockchain para seu próprio uso bem como para seus clientes por meio do Microsoft Azure Blockchain Service uma oferta gerenciada de plataforma como serviço
238,pos,A capacidade do Walmart de rastrear a proveniência das mangas em 2 2 segundos usando sua abordagem baseada em blockchain versus sete dias usando sua tecnologia anterior tem sido frequentemente citada como um exemplo de ganhos de eficiência habilitados para blockchain
239,pos,O Fundo das Nações Unidas para a Infância UNICEF está explorando como usar o blockchain para melhorar a coleta e distribuição da ajuda humanitária
240,pos,Como parte desse esforço a agência está investindo em startups de blockchain focadas em casos de uso que podem ajudar a missão da UNICEF
241,pos,s aplicativos incluem como usar o blockchain para facilitar pagamentos compartilhar com segurança prescrições médicas e criar mais transparência na maneira como as doações são usadas
242,pos,Indústrias com cadeias de suprimentos complexas estão fazendo o uso mais avançado da tecnologia blockchain disse Jerry Cuomo membro da IBM e Vice-Presidente da IBM Blockchain Technology
243,pos,A medida que o mundo se move mais para uma economia baseada em token na qual os ativos do mundo real são digitalizados para que possam ser compartilhados on-line o blockchain sustentará muito mais transações
244,pos,No entanto especialistas como Buchholz estão convencidos de que o blockchain cumprirá sua reputação transformacional eventualmente e inevitavelmente  fornecendo melhorias significativas nos processos de negócios existentes permitindo novos modelos de negócios e remodelando
245,pos,O protocolo da linha de base suporta contratos inteligentes e padrões de tokenização em todo o setor Paul Brody líder global de blockchain da EY disse que foi projetado para otimizar transações complexas 
246,pos,De acordo com Katz o YellowHeart usa o blockchain para rastrear a procedência da venda de ingressos dando a artistas e fãs informações sobre como os ingressos passam da venda original por meio de qualquer revenda
247,pos,Ainda no mercado financeiro muitos bancos e instituições como as adquirentes já começaram a introduzir o blockchain
248,pos,O termo contratos inteligentes ou smart contracts em inglês foi criado por Nick Szabo cientista da computação em 1996 Porém foi com o surgimento da tecnologia blockchain e de inteligência artificial que esse conceito de contratos desburocratizados com maior confiabilidade e que se auto executam avançou
249,pos,Antes apenas aplicados como um facilitador das transações das criptomoedas esses novos modelos evoluíram por meio da rede de blockchain Essa plataforma permite que qualquer pessoa possa fazer seu próprio modelo de código para ser utilizado nos mais variados tipos de acordos
250,pos,Utilizando o mesmo princípio de processamento de documentos por blockchain dos contratos inteligentes a área da educação já começou a aplicar essa tecnologia
251,pos,Atualmente um problema muito comum e grave são as fraudes decorrentes de falsificações em currículos e até mesmo de exercer a profissão ilegalmente Com o blockchain as instituições poderiam disponibilizar as certificações em uma rede blockchain e assim a organização que necessitasse verificar essas credenciais teria o fácil acesso à elas
252,pos,Uma das aplicações que será muito utilizadas por empresas do mundo inteiro será o armazenamento em nuvem com blockchain
253,pos,Sem dúvidas o sistema descentralizado e o blockchain podem auxiliar no aumento da segurança dos dados Outro benefício seria que a rede peer to peer utilizada pode reduzir os custos se comparado aos servidores centralizados
254,pos,A aplicação do blockchain na cadeia de suprimentos poderia auxiliar no rastreamento de cada um dos componentes envolvidos na fabricação de algum produto e assim identificar mais facilmente variabilidades no processo
255,pos,A área da saúde é sem dúvidas um setor que necessita de um rigoroso controle de registros médicos dos pacientes tanto de medicamentos receitados quanto de procedimentos realizados Esse registro pode ser baseado em blockchain Assim teríamos uma ficha médica ao decorrer da vida com a segurança o sigilo e a confiabilidade que o sistema poderia nos fornecer
256,pos,A tecnologia Blockchain é considerada uma revolução pois desafia paradigmas em processos relacionados a transações financeiras de informações e documentos de armazenamento de dados e de movimentação de ativos nos permitindo a descentralização de monopólios de ampla duração de alguns setores
257,pos,Mas e se o Uber ou AirBNB fossem uma aplicação distribuída em uma Blockchain O AirBNB poderia se chamar BAirBNB ou BlockchainAirBNB Nele você acharia um lugar para passar uns dias usando apenas uma base de dados baseada em Blockchain sem intermediários
258,pos,A cantora britânica Imogen Heap está criando uma plataforma baseada em Blockchain chamada de Mycelia Esta rede Blockchain permite que o artista coloque sua música dentro de um Smart Contract e o próprio contrato gerencia o seu uso
259,pos,Supply Chain é um mercado de US$ 64 trilhões ao redor do mundo que com o tempo pode ser realocado para Blockchain O Supply Chain nada mais é que diferentes pessoas fazendo transações e confiando umas nas outras
260,pos,Já o Walmart usa a Blockchain para a segurança das comidas rastreando a cadeia de fornecedores caso tenha um problema Com isso é possível saber em qual jardim o tomate cresceu ou quem são os pais da vaca que forneceu este ou aquele leite estragado
261,pos,Outro problema de cadeia de suprimentos que pode ser resolvido é dos Diamantes de Sangue aquelas pedras preciosas que são usadas para financiar as guerras na África Com a Blockchain é possível rastrear a procedência de todas as pedras e saber se a que você comprou já financiou algum ato violento
262,pos,Os bilhões de objetos que estão se tornando inteligentes com a Internet das Coisas vão precisar registrar suas informações Uma lâmpada que compra energia de uma empresa distribuidora por exemplo poderá fazer negócios sozinha se tiver sua identidade registrada em uma Blockchain
263,pos,Um exemplo é a Brooklin MicroGrid uma distribuidora de energia feita por pessoas e baseada em Blockchain Essa rede de pessoas possuem painéis solares em suas casas e um vende energia para o outro por meio da Blockchain sem precisar de intermediadores pois os dispositivos são registrados na cadeia de blocos
264,pos,Hoje os serviços financeiros são muito complicados Você passa seu cartão numa loja e uma série de mensagens é enviada para diversas empresas diferentes cada uma com seu próprio sistema computacional e dias depois a mensagem volta com a liquidação da conta Mas se isso fosse baseado em Blockchain não precisaria de todo esse tempo e burocracia
265,pos,Com a Blockchain podemos criar identidades dentro da cadeia como avatares virtuais que guardem todas nossas informações da vida digital A identidade em Blockchain poderia registrar absolutamente todos os dados desde suas transações financeiras até informações de saúde ou educação
266,pos,Blockchain pode transformar a democracia e os governos que seriam menos corruptos e teriam custos bem mais baixos
267,pos,Com a Blockchain os governos podem se tornar plataformas. Dubai quer ser o primeiro governo a rodar inteiramente em Blockchain e o governo da Estônia mudou a identidade das pessoas para uma Blockchain
268,pos,Hoje algumas empresas como a CarbonX tem usado Blockchain para prover serviços melhores para a sociedade algo que deveria ser feito pelos governos
269,pos,O blockchain é um banco de dados armazenado de forma pública sem um controle central Foi criado para distribuir a informação de maneira transparente e auditável
270,pos,O blockchain é um tipo específico de banco de dados distribuído contendo uma cadeia de blocos ordenados de forma cronológica Além disso as informações são armazenadas utilizando um código criptográfico
271,pos,A principal vantagem do blockchain é a segurança que impede que os registros do banco de dados sejam apagados ou alterados No entanto isso exige que os próprios usuários validem as transações caso contrário ficam dependentes de entidades centralizadas
272,pos,Além de segura é uma forma rápida transparente e autônoma de realizar transações financeiras ou do registro de informações no formato digital
273,pos,Uma aplicação comum é nas remessas internacionais O sistema interbancário atual além de caro pode levar dois dias úteis para confirmar a transação O blockchain oferece uma alternativa segura rápida e mais barata
274,pos,o país El Salvador recentemente adotou o Bitcoin como moeda oficial ao lado do dólar O recebimento de divisas externas representa 24% de seu Produto Interno Bruto
275,pos,Outra tecnologia trazida pelo blockchain foi o registro autenticado de contratos e documentos O serviço está disponível no Brasil desde 2016 inclusive com validade reconhecida em instâncias jurídicas
276,pos,Outra tecnologia trazida pelo blockchain foi o registro autenticado de contratos e documentos O serviço está disponível no Brasil desde 2016 inclusive com validade reconhecida em instâncias jurídicas
277,pos,Para estimular o crescimento da pesquisa e disseminação do assunto o Mercado Bitcoin adquiriu recentemente a Blockchain Academy um projeto educacional focado no desenvolvimento e formação do ecossistema que atua desde 2016
278,pos,Além das criptomoedas que incluem Bitcoin Ethereum e muitas outras a tecnologia Blockchain permite tokenizar qualquer ativo financeiro Tokenizar é utilizar criptoativos para representar no formato digital a propriedade de um determinado bem
279,pos,É sempre bom lembrar que o blockchain armazena as transações para sempre Isso é uma diferença fundamental para o modelo tradicional onde dados históricos podem ser alterados ou deletados
280,pos,A tecnologia blockchain é um dos pilares do Bitcoin e de outras criptomoedas O modelo permite armazenar dados de transações de forma pública sem um controle central Desse modo a informação é distribuída de maneira transparente e auditável
281,pos,A tecnologia blockchain ficou conhecida por ser a base tecnológica do bitcoin a primeira e principal criptomoeda
282,pos,Após o nascimento da moeda digital a blockchain passou a ser utilizada em diversas outras áreas e aplicações
283,pos,A blockchain registra cada quantia de bitcoins negociados quem enviou com apenas o endereço da carteira quem recebeu quando essa transação foi realizada e qual o lugar do livro em que está registrado
284,neg,A complexidade do software do Bitcoin pode ser um impeditivo para que muitas pessoas entrem neste universo
285,neg,A volatilidade do preço do Bitcoin também trabalha como um fator impeditivo àquelas pessoas que buscam estabilidade em suas finanças
286,neg,O tempo que uma transação leva para acontecer na rede do Bitcoin pode ser frustrante para muitos que utilizam seus cartões bancários em operações que duram segundos. Atualmente uma transação de Bitcoin leva pelo menos 10 minutos para ser aprovada
287,neg,Algumas das maiores preocupações relacionadas ao Bitcoin são sobre hack e golpes Casos envolvendo esses problemas são cada vez mais comuns e tornam-se mais sofisticados a cada dia Alguns golpes a se tomar cuidado são pirâmides financeiras e roubo de poder computacional para mineração de BTC
288,neg,O blockchain permite a transferência financeira sem intermediários centrais
289,neg,A volatilidade a violação de segurança e o seu uso para fins criminosos
290,neg,Devido a fato de que o Bitcoin garante anonimato a plataforma se torna propícia para que atos ilegais como o tráfico de drogas ocorram
291,neg,Uma das principais desvantagens das criptomoedas atualmente é sua baixíssima aceitação
292,neg,A regulamentação das criptomoedas é assunto constante nos noticiários de investimentos Como ele pode impactar diretamente a economia muitos países ainda não sabem bem como regulamentar esse tipo de ativo
293,neg,Apesar do assunto não ser assim tão novo  este ainda é um mercado que traz muitas dúvidas para a economia tradicional
294,neg,Principalmente no Brasil não é uma tarefa fácil encontrar estabelecimentos comerciais que aceitem Bitcoins como método convencional de pagamento
295,neg,Infelizmente o mundo das criptomoedas é acompanhado de um lado extremamente negativo Já que tais ativos combinam descentralização anonimato e criptografia de ponta há quem utilize tais benefícios de forma criminosa para realizar lavagem de dinheiro ou atividades ilegais por exemplo
296,neg,Embora pareça simples comprar e utilizar Bitcoins na internet por exemplo os usuários de criptomoedas devem estar atentos o tempo todo Como o mercado envolve alta volatilidade é preciso estudá-lo para garantir melhores desfechos com o dinheiro investido.
297,neg,No caso da Ethereum como estamos falando de uma tecnologia baseada em blockchain o maior ponto de vulnerabilidade surge quando há a interação com o usuário
298,neg,Cada um é responsável pelos contratos que submete e que participa por isso a falha humana é um risco a ser sempre considerado quando estamos falando de criptomoedas
299,neg,Há também a possibilidade de um hacker encontrar alguma falha no código e aproveitar essa oportunidade para explorar essas brechas Isso já aconteceu no passado com a versão antiga da Ethereum onde houve um roubo de aproximadamente US$ 50 milhões por um hacker desconhecido
300,neg,Além disso outro problema que tem ocorrido na rede são golpes e fraudes de investimento como esquemas de pirâmide e esquemas Ponzi
301,neg,or fim a Ethereum assim como outras criptomoedas não tem lastro em nenhum país ela é uma moeda bastante volátil e pode sofrer grandes oscilações de preço em poucas horas
302,neg,Embora os contratos inteligentes estejam concebidos para tornar a rede à prova de falhas eles podem ser tão bons como as pessoas que escrevem o seu código Há sempre espaço para erro humano e qualquer erro no código poderia ser explorado
303,neg,Com o aumento do uso a blockchain Ethereum tende a aumentar de tamanho o que pode tornar inviável seu armazenamento e aumentar a centralização
304,neg,o contrário do Bitcoin o Ethereum possui um criador com visibilidade e atuação no mercado Isso pode tornar a criptomoeda sujeita a oscilações de valor influenciadas por uma fala de Vitalik Buterin
305,neg,Histórico de falhas em muitas aplicações criadas no Ethereum  trazem desconfiança a respeito de seu uso
306,neg,Em virtude da sua amplitude de funções a escalabilidade da blockchain Ethereum pode ser mais problemática do que a do Bitcoin
307,neg,Hacks podem e ainda ocorrem com tecnologias de blockchain Embora esse sistema seja mais difícil de hackear do que outros tipos de redes financeiras a mudança no valor associada a uma violação de segurança é bastante grande
308,neg,Muitos governos não reconhecem o verdadeiro valor das criptomoedas ou blockchains apesar de sua popularidade crescente
309,neg,Os varejistas demoram a adotar o uso de criptomoedas para transações O Bitcoin oferece tempos de transação tão lentos de fato que não são viáveis ​​para uma transação no ponto de venda Isso torna difícil para muitos ver as criptomoedas como uma opção de pagamento válida dificultando que os blockchains também sejam valiosos
310,neg,Depois que uma transação foi incluída em um bloco na cadeia mais longa ela não pode ser revertida É esse recurso que ajuda os blockchains e criptomoedas a funcionar da maneira que funcionam Os serviços de custódia estão disponíveis para garantir que as transações sejam seguras para ambas as partes mas isso reduz a vantagem da falta de intermediários
311,neg,Ao iniciar uma transação por meio do Bitcoin o tempo que leva para concluir a ação pode ser superior a 40 minutos Por esse motivo alguns estão procurando alternativas à criptomoeda como uma forma de aumentar a influência das tecnologias de blockchain
312,neg,Este é outro negativo associado principalmente ao Bitcoin Em novembro de 2017 a custódia para concluir uma transação com Bitcoin era de apenas $ 6 Em dezembro uma custódia de mais de $ 26 por transação Houve momentos em que os custos de transação ultrapassaram US$ 40 em 2018 
313,neg,Cada transação com um blockchain deve ser assinada digitalmente Isso é feito usando esquemas de criptografia privada para garantir que as transações que são propagadas entre os presságios possam ser verificadas Embora esse processo melhore a segurança de uma transação ele também cria um gargalo no processo de blockchain o que naturalmente diminui a velocidade de processamento da tecnologia
314,neg,As tecnologias Blockchain podem ter existido desde 2008 embora não tenha sido até 2016 que elas realmente começaram a ganhar atenção Isso significa que há pouca supervisão regulatória do governo no mundo de criptomoedas e blockchains Devido à falta de regulamentação as instituições financeiras não quiseram se apegar a essa tecnologia para promovê-la
315,neg,A execução de um blockchain é uma maneira de gerenciar recursos com uso intensivo de recursos. É muito intensivo em capital porque existem recursos de hardware dedicados que devem ser usados ​​para ter sucesso especialmente se a mineração for envolvida Níveis massivos de eletricidade também são necessários o que pode tornar a mineração de Bitcoins ou outras criptomoedas não lucrativa especialmente no curto prazo
316,neg,Ao desenvolver um blockchain pode haver muita indecisão ao determinar qual linguagem usar para o produto final Alguns blockchains decidiram usar JavaScript pois muitos programadores já estão familiarizados com esta linguagem
317,neg,Bitcoin pode ser a criptomoeda mais popular embora provavelmente seja porque foi a primeira Na contagem atual há mais de 1600 criptomoedas tokens e moedas disponíveis para comércio e transações no momento
318,neg,O algoritmo de consenso Proof of Work (PoW) que protege a Blockchain do Bitcoin provou ser muito eficiente ao longo do tempo No entanto existem alguns ataques em potencial que podem ser realizados contra redes Blockchain dentre eles está o Ataque de 51% Tal ataque pode acontecer se uma organização conseguir controlar mais que 50% do poder computacional da rede permitindo que eles interfiram no funcionamento da rede excluindo ou modificando intencionalmente a ordenação das transações
319,neg,Outra desvantagem dos sistemas Blockchain é que uma vez que os dados foram adicionados à rede é muito difícil modificá-los Embora a estabilidade seja uma das vantagens da Blockchain nem sempre é uma boa característica
320,neg,Alterar dados ou o código de uma rede Blockchain é normalmente muito complicado e geralmente requer um Hard Fork  onde uma cadeia de blocos é abandonada e outra é criada
321,neg,A Blockchain usa criptografia de chave pública (ou assimétrica) para dar aos usuários a propriedade sobre suas criptomoedas (ou quaisquer outros dados da Blockchain) Cada conta (ou endereço) na Blockchain tem duas chaves correspondentes uma chave pública (que pode ser compartilhada) e uma chave privada (que deve ser mantida em segredo)
322,neg,Os usuários precisam da chave privada para acessar seus fundos significando que eles agem como seu próprio banco Se um usuário perder sua chave privada os fundos são efetivamente perdidos e não há nada que ele possa fazer a respeito
323,neg,As Blockchains que usam o algoritmo de consenso PoW são altamente ineficientes Como a mineração é extremamente competitiva e há apenas um vencedor a cada dez minutos o trabalho de todos os outros mineradores é desperdiçado
324,neg,Os livros das Blockchains podem crescer muito ao longo do tempo A Blockchain do Bitcoin atualmente requer cerca de 200 GB de armazenamento A velocidade no crescimento das Blockchains parece estar superando o visto na capacidade dos discos rígidos (HDs) e a rede corre o risco de perder nodes se o livro ficar muito grande impedindo que usuários baixem e armazenem o mesmo
325,neg,Um deles pode ser a exigência de uma grande capacidade de processamento ou de uma rede capaz de lidar com grandes volumes de dados como o blockchain envolve procedimentos criptográficos um sistema do tipo muito acessado ou com muitos nós tem chances elevadas de apresentar sobrecarga
326,neg,Para manter o bom funcionamento do sistema pode ser necessário gastar somas consideráveis em computadores que apoiem as operações ou em equipamentos de redes capazes de suportar tráfego intenso de dados
327,neg,Além disso dependendo de como a cadeia de blocos é estruturada o tempo de resposta de determinadas operações pode ser longo situação que tende a causar gargalos consideráveis se a demanda de uso do sistema aumentar
328,neg,Leve em conta ainda que à medida que o tempo passa o blockchain pode acabar se tornando inchado e proporcionalmente mais lento
329,neg,Dependendo da aplicação o custo operacional do blockchain também pode ser elevado Fatores como desenvolvimento treinamento segurança e manutenção podem tornar uma solução do tipo inviável se não forem cuidadosamente mensurados
330,neg,Sistema baseado em blockchain precisam ser bem planejados Vários cenários devem ser considerados para prevenir gargalos diminuição de eficiência ou até problemas de segurança
331,neg,Sistema baseado em blockchain precisam ser bem planejados Vários cenários devem ser considerados para prevenir gargalos diminuição de eficiência ou até problemas de segurança
332,neg,Enquanto o Bitcoin pode ser considerado extremamente seguro criptomoedas menores utilizando a mesma tecnologia podem ser atacadas por um custo baixo
333,neg,Enquanto o Bitcoin pode ser considerado extremamente seguro criptomoedas menores utilizando a mesma tecnologia podem ser atacadas por um custo baixo
334,neg,Entender o que é blockchain não é tão simples porque estamos falando de uma tecnologia revolucionária
335,neg,O Blockchain parece pronto para aprimorar os processos de negócios e os modelos de confiança em uma miríade de indústrias Mas de fato ainda está em sua infância e vários casos de uso começam a tropeçar na jornada rumo às capacidades milagrosas apregoadas pelos entusiastas
336,neg,Embora a tecnologia tenha um grande potencial CIOs e os seus pares das áreas de negócio que já estão  explorando o Blockchain  devem esperar retrocessos na implantação incluindo a possibilidade real de graves erros de software e riscos associados de acordo com um novo relatório da Forrester Research
337,neg,Especialistas e analistas também advertem que a tecnologia não é adequada para muitos processos de negócio transacionais
338,neg,Por exemplo Bharath Rao fundador do serviço Leverj baseado no Ethereum é cético em aplicações de Blockchain fora do mercado de criptomoedas Ele argumenta que Blockchain é mais lento e mais dispendioso que as tecnologias transacionais tradicionais como bancos de dados relacional centralizados
339,neg,Paga pela autonomia ao sacrificar a eficiência disse Rao explicando que devido a registros ou blocos exigirem verificação criptográfica antes que novos possam ser inseridos pode ser ineficiente para aplicativos de negócios que exijam rápida liquidação
340,neg,Em segundo lugar devido à sua natureza da cadeia as inserções de bloco devem ser serializadas Isso significa que a taxa de atualizações é mais lenta do que os bancos de dados tradicionais
341,neg,No mundo real no entanto a progressão no uso do Blockchain provavelmente será lenta e estável com implantações de nicho prevalecendo nas grandes empresas de acordo com Martha Bennett analista da Forrester autora do relatório
342,neg,Embora a tecnologia tenha sido conceituada em 2008 por Satoshi Nakamoto que pode ser uma pessoa ou um pseudónimo para um grupo de desenvolvedores as aplicações do Blockchain no mundo real têm apenas alguns anos e são centradas em torno dos ledgers distribuídos para criptografia ou transações de dinheiro virtual
343,neg,As duas plataformas mais prevalentes Hyperledger e Ethereum não possuem maturidade o que pode apresentar problemas imprevistos na implantação
344,neg,A Forrester recomenda que CIOs e suas equipes considerem a descoberta potencial de erros sérios no software ou mesmo a necessidade de abandonar projetos e começar de novo
345,neg,Não apenas a comunidade Blockchain mas algumas das empresas pioneiras no uso têm dito que o software tem erros e algumas coisas que nem sequer são necessariamente bugs disse Bennett que pesquisou Blockchain nos últimos três anos
346,neg,Por exemplo o script do Ethereum para executar contratos inteligentes   Solidity   não suporta o uso de pontos decimais o que exige que os desenvolvedores criem uma solução alternativa ou comecem de novo
347,neg,Centenas de milhões de dólares em criptografia Ethereum chamado Ether foram congeladas através de uma vulnerabilidade de codificação que permitiu a um usuário bloquear até US $ 300 milhões de outras pessoas
348,neg,A cadeia administrada pela Parity Technologies deveria ter exigido um consenso entre os usuários para alterar as condições do livro de registro mas uma falha de codificação permitiu que um usuário acidentalmente se tornasse o único proprietário de todas as carteiras da cadeia
349,neg,O maior trunfo da Blockchain é o fato de que pode ser facilmente implantado em diferentes nós na web e no entanto cada registro contém seu próprio hash tornando-o imutável
350,neg,Um livro-razão distribuído através de uma rede baseada em Blockchain pode fornecer um histórico de transações mais abrangente do que a visão seletiva que os usuários podem obter se eles apenas obtiveram sistemas internos e talvez algumas listas negras para revisão de acordo com Bennett No entanto isso não significa que os dados relacionados às transações devem ser parte dessa cadeia
351,neg,Por exemplo se os usuários incluírem imagens como parte de suas transações a capacidade de dados cresceria rapidamente assim como a sobrecarga da rede Devido à natureza distribuída do Blockchain todos os dados devem ser replicados para todos os nós na cadeia de acordo com Bennett
352,neg,É melhor usar um banco de dados relacional com armazenamento em rede separado para algumas tarefas transacionais do que usar Blockchain
353,neg,Existem dois tipos de Blockchain os públicos e os privados Os Blockchain públicos permitem que alguém se junte à cadeia Bitcoin é um bom exemplo É aberto e transparente o que significa que todos na cadeia podem ver todas as transações
354,neg,Bitcoin usa o algoritmo SHA-256 testado para hashing Mas estudos mostraram que a computação quântica acabará por levar esse algoritmo a ser quebrado
355,neg,Outros sabores de Blockchain estão implementando novos algoritmos criptográficos onde tudo o que você tem é a garantia do desenvolvedor de que funciona
356,neg,Até o momento nenhum Blockchain foi pirateado e não é provável que aconteça no futuro de acordo com Bruce Schneier criptógrafo e especialista em segurança O Blockchain pode quebrar devido a alguma brecha no software
357,neg,A tecnologia Blockchain substitui essencialmente a confiança intrínseca entre pessoas ou entidades corporativas por algoritmos Quanto mais você confia em algoritmos mais caro ele é
358,neg,Devido à sua natureza de cadeia cada novo registro inserido em um bloco deve ser serializado o que significa que a taxa de atualizações é mais lenta do que os bancos de dados tradicionais que podem atualizar dados em paralelo
359,neg,No entanto quando você está trabalhando em um ambiente comercial a transparência total geralmente não é uma coisa boa Por exemplo se um fabricante estiver usando o blockchain como um livro aberto para seus fornecedores isso permitiria que um empreiteiro visse todos os outros subcontratados na cadeia
360,neg,o momento é seguro afirmar que o problema de escalabilidade do blockchain ainda não foi totalmente resolvido
361,neg,Grande parte do blockchain Ethereum sofreu panes nessa quarta-feira  após uma falha no código da Ethereum um cliente principal usado por 81% da rede fez com que a Ethereum bifurcasse sem querer
362,neg,A falha fez com que o blockchain Ethereum se dividisse temporariamente e por muitas horas usuários estavam lidando com duas versões do blockchain com diferentes históricos de transações
363,neg,Grandes corretoras incluindo Binance suspenderam saques de ether (ETH) e a comunidade Ethereum enfrentou horas de pânico antes de ser anunciado que um bug no cliente Go Ethereum (GETH) foi o motivo do caos
364,neg,A mudança era incompatível com as versões anteriores de Geth e assim o consenso não foi atingido para operadores que executavam versões anteriores Operadores de nós Geth que haviam ignorado a atualização foram afetados pela falha e começaram um blockchain secundário
365,neg,Infura relatou que passou por uma pane em seus serviços da Ethereum que temporariamente prejudicou inúmeras aplicações de finanças descentralizadas DeFi e de carteira
366,neg,Acreditar que a tecnologia está pronta para uso em produção O mercado de plataformas blockchain é enorme e composto por ofertas fragmentadas que tentam se diferenciar de várias maneiras Alguns se concentram em confidencialidade alguns em tokens e outros em computação universal A maioria é muito imatura para o trabalho de produção em larga escala que incorpora os sistemas de acompanhamento e requisitos segurança e serviços de gerenciamento de rede
367,neg,Diante do crescente interesse das pessoas por criptomoedas e da explosão dos valores das mesmas os profissionais do Mantis plataforma nacional de DRP (Digital Risk Protection) ligam o alerta para golpes envolvendo Blockchains Falsos e contratos inteligentes vulneráveis
368,neg,Segundo o especialista contratos inteligentes escritos em blockchains mais novas e menos testadas tendem a serem mais vulneráveis
369,neg,Existem inúmeros fóruns de cibercriminosos que explicam como construir blockchains falsas e comercializá-las para investidores
370,neg,Existem inúmeros fóruns de cibercriminosos que explicam como construir blockchains falsas e comercializá-las para investidores
371,neg,Relatório da Chainalysis mostra que total roubado em golpes com criptomoedas quase dobrou em relação ao ano anterior mas ainda ficou longe do recorde de 2019
372,neg,A recente queda das criptomoedas está assustando os menos acostumados com as movimentações do setor mas é melhor ir se acostumando já que para o CEO da blockchain.com  muito mais caos está por vir
373,neg,m uma entrevista para a CNBC Peter Smith CEO da blockchain.com disse que o recente colapso das criptomoedas por causa de problemas com a UST e o projeto LUNA é apenas parte do que pode acontecer e que mais caos está a caminho
374,neg,Para o blockchain funcionar é preciso que existam computadores conectados trabalhando para manter o sistema ativo No caso do Bitcoin por exemplo o gasto energético é algo absurdamente alto
375,neg,O consumo de energia envolvendo a criptomoeda é maior do que em muito país Calcula-se que ele tenha atingido perto de 12 5 mil megawatt/hora o que é comparável a todo o gasto energético do Iraque
376,neg,Como os arquivos digital no blockchain são transmitidos por meio de pseudônimos baseados em códigos pessoas mal-intencionadas têm usado o sistema para compartilhar pornografia infantil já que a identificação é uma tarefa bem difícil
377,neg,Drogas armas e crimes A compra e venda destes itens também circulam em alguns blockchains que funcionam atualmente Um deles é o do bitcoin que no começo ficou bem conhecido por abrigar o comércio de drogas armas e produtos ilegais. Os usuários se aproveitam do perfil anônimo e criptografado para esconder suas identidades
378,neg,Como mostrado fica claro as possibilidades a cerca do blockchain além de indicar suas vantagens fica claro que a sua principal desvantagem trata-se da alocação em disco sempre crescente e o fato de algumas transações demorarem muito em algumas redes com grande números de máquinas
379,neg,Se o conteúdo não pode ser editado ou alterado pelos operadores de uma rede social a plataforma será monopolizada Uma rede social de qualquer coisa poderia ficar repleta de conteúdos ilegais atividades criminosas e discursos de ódio
380,neg,A rede social Gab foi criada para preservar a liberdade de expressão e uma vez planejou migrar para um modelo descentralizado de blockchain mas foi criticada pela Mastodon por permitir conteúdos racistas
390,neg,As blockchains são flexíveis e poderosas o suficiente para suportarem muitas aplicações e serviços novos e excitantes Mas como se encontra de momento a tecnologia também tem uma série de desvantagens
391,neg,É nova e complexa. Isso significa que os engenheiros de software prontos para trabalhar nas blockchains são escassos. Isto faz com que o desenvolvimento e a manutenção das aplicações blockchain sejam caras
392,neg,As blockchains mais utilizadas atualmente não são adequadas para a utilização generalizada de aplicações e serviços
393,neg,As blockchains Bitcoin e Ethereum processam menos de 50 transações por segundo
394,neg,As soluções tecnológicas estão no horizonte mas a escalabilidade limitada continua a ser uma grande desvantagem que compromete o desempenho das atuais aplicações blockchain
395,neg,A mineração com base no protocolo Proof-of-Work é notoriamente má para o ambiente porque consome tanta eletricidade para aprovar cada bloco de transações especialmente na Bitcoin
396,neg,As blockchains são fiáveis devido à redundância da rede mas todos esses nós contribuem também para o consumo de energia
397,neg,A criptografia de chave pública é uma bênção mista que é feita no fundo da tecnologia blockchain. A encriptação protege a rede mas os utilizadores que perdem as suas chaves privadas podem perder o acesso total aos seus fundos
398,neg,Houve utilizadores que perderam milhões de euros simplesmente porque perderam as chaves privadas para as suas contas blockchain
399,neg,A tecnologia blockchain já está a ter um impacto óbvio na economia mundial e nas políticas financeiras. Mas algumas das consequências são mais difíceis de ver. Aplicações eficientes com base nas blockchains poderiam substituir as pessoas em alguns setores contribuindo para o aumento das taxas de desemprego
400,neg,A complexidade das carteiras de criptomoedas e da tecnologia blockchain representam uma barreira que impede muitos dos utilizadores de utilizarem esses serviços ou criptomoedas
401,neg,A integração também é um problema. As aplicações blockchain oferecem muitos benefícios mas são difíceis de integrar com dados fora da blockchain e sistemas antigos
402,neg,Os protocolos e os serviços de integração estão a aparecer mas isto continua a ser uma das desvantagens de aplicações blockchain
403,neg,A incerteza regulamentar e a falta de normas internacionais tornam difícil a implementação de aplicações através da internet e tornam os utilizadores relutantes em se comprometerem com as criptomoedas e com as aplicações
404,neg,Mesmo que a tecnologia blockchain tenha muitas vantagens ainda há muito no que avançar no ponto de vista de suporte da tecnologia O Bitcoin é um bom exemplo disso mas ainda assim todo o sistema tem um design ineficiente. O Ethereum tentou cobrir todas as carências do Bitcoin mas ainda não conseguiu suprir perfeitamente
